{"0": "pad", "1": "soc", "2": "eoc", "3": "a", "4": "bicycle", "5": "with", "6": "clock", "7": "as", "8": "the", "9": "front", "10": "wheel", "11": "room", "12": "blue", "13": "walls", "14": "and", "15": "white", "16": "sink", "17": "door", "18": "car", "19": "that", "20": "seems", "21": "to", "22": "be", "23": "parked", "24": "behind", "25": "large", "26": "passenger", "27": "airplane", "28": "flying", "29": "through", "30": "air", "31": "there", "32": "is", "33": "plane", "34": "taking", "35": "off", "36": "in", "37": "partly", "38": "cloudy", "39": "sky", "40": "color", "41": "small", "42": "bathroom", "43": "this", "44": "wall", "45": "on", "46": "boat", "47": "themed", "48": "life", "49": "bike", "50": "has", "51": "tire", "52": "two", "53": "cars", "54": "sidewalk", "55": "street", "56": "an", "57": "either", "58": "landing", "59": "or", "60": "just", "61": "are", "62": "painted", "63": "baby", "64": "toilet", "65": "shower", "66": "long", "67": "empty", "68": "modern", "69": "home", "70": "kitchen", "71": "toiletries", "72": "counter", "73": "various", "74": "personal", "75": "items", "76": "open", "77": "box", "78": "containing", "79": "four", "80": "cucumbers", "81": "old", "82": "fashioned", "83": "green", "84": "station", "85": "wagon", "86": "driveway", "87": "gas", "88": "stove", "89": "next", "90": "stainless", "91": "steel", "92": "countertop", "93": "black", "94": "metal", "95": "inside", "96": "several", "97": "motorcycles", "98": "riding", "99": "down", "100": "road", "101": "formation", "102": "cat", "103": "city", "104": "bench", "105": "man", "106": "wheelchair", "107": "another", "108": "sitting", "109": "overlooking", "110": "water", "111": "sits", "112": "decorated", "113": "cow", "114": "rows", "115": "of", "116": "motor", "117": "bikes", "118": "helmets", "119": "cute", "120": "kitten", "121": "dish", "122": "table", "123": "messy", "124": "perched", "125": "atop", "126": "getting", "127": "drink", "128": "from", "129": "fountain", "130": "food", "131": "container", "132": "colored", "133": "person", "134": "holding", "135": "skateboard", "136": "dead", "137": "field", "138": "group", "139": "motorcycle", "140": "riders", "141": "driving", "142": "past", "143": "buildings", "144": "curtain", "145": "map", "146": "print", "147": "alone", "148": "high", "149": "brown", "150": "horse", "151": "middle", "152": "eating", "153": "grass", "154": "purse", "155": "half", "156": "cake", "157": "top", "158": "kitty", "159": "cover", "160": "office", "161": "space", "162": "equipment", "163": "desk", "164": "s", "165": "hanging", "166": "out", "167": "windows", "168": "back", "169": "window", "170": "jet", "171": "into", "172": "distance", "173": "overcast", "174": "day", "175": "woman", "176": "walking", "177": "dog", "178": "try", "179": "parking", "180": "along", "181": "packed", "182": "dogs", "183": "stick", "184": "their", "185": "heads", "186": "patch", "187": "observing", "188": "tiny", "189": "only", "190": "shelf", "191": "little", "192": "girl", "193": "public", "194": "for", "195": "kids", "196": "boy", "197": "drinking", "198": "picture", "199": "playing", "200": "crowded", "201": "trio", "202": "owner", "203": "lap", "204": "red", "205": "scooter", "206": "her", "207": "fence", "208": "some", "209": "flowers", "210": "sticker", "211": "it", "212": "area", "213": "his", "214": "shown", "215": "wooden", "216": "cabinets", "217": "people", "218": "mopeds", "219": "busy", "220": "rain", "221": "remodeled", "222": "marble", "223": "furnishings", "224": "tile", "225": "filled", "226": "vegetables", "227": "classic", "228": "beside", "229": "surfboard", "230": "fog", "231": "at", "232": "intersection", "233": "traffic", "234": "lights", "235": "three", "236": "looking", "237": "while", "238": "young", "239": "shape", "240": "its", "241": "wheels", "242": "birds", "243": "shoulder", "244": "giraffe", "245": "marina", "246": "head", "247": "airport", "248": "waiting", "249": "bus", "250": "near", "251": "stop", "252": "dining", "253": "urinals", "254": "restroom", "255": "well", "256": "kept", "257": "tops", "258": "fridge", "259": "setup", "260": "computers", "261": "umbrella", "262": "child", "263": "u", "264": "force", "265": "plain", "266": "asphalt", "267": "ramp", "268": "photo", "269": "older", "270": "skiing", "271": "laptop", "272": "printer", "273": "extra", "274": "monitor", "275": "snow", "276": "cross", "277": "country", "278": "no", "279": "one", "280": "else", "281": "stuff", "282": "crowd", "283": "get", "284": "during", "285": "cold", "286": "foggy", "287": "night", "288": "driver", "289": "seat", "290": "takes", "291": "pot", "292": "spoon", "293": "fighter", "294": "fast", "295": "speed", "296": "bunch", "297": "runway", "298": "men", "299": "standing", "300": "by", "301": "beautiful", "302": "new", "303": "natural", "304": "wood", "305": "huge", "306": "pan", "307": "silver", "308": "walks", "309": "row", "310": "neat", "311": "photographed", "312": "if", "313": "real", "314": "ad", "315": "subway", "316": "couple", "317": "goat", "318": "touching", "319": "narrow", "320": "chrome", "321": "refrigerator", "322": "pedestrians", "323": "chef", "324": "carrying", "325": "away", "326": "full", "327": "wicker", "328": "basket", "329": "dock", "330": "ocean", "331": "cupboard", "332": "bowl", "333": "clear", "334": "above", "335": "them", "336": "plate", "337": "stands", "338": "beach", "339": "chain", "340": "pedestal", "341": "mirror", "342": "over", "343": "photograph", "344": "house", "345": "leaning", "346": "face", "347": "close", "348": "skate", "349": "board", "350": "abandoned", "351": "covered", "352": "streets", "353": "amongst", "354": "stall", "355": "brush", "356": "rolls", "357": "paper", "358": "eaten", "359": "dessert", "360": "dual", "361": "vanity", "362": "mirrors", "363": "sinks", "364": "skis", "365": "forest", "366": "propeller", "367": "tarmac", "368": "lot", "369": "motorbikes", "370": "line", "371": "up", "372": "sit", "373": "fireplace", "374": "fire", "375": "built", "376": "fur", "377": "sign", "378": "restaurant", "379": "outside", "380": "store", "381": "decorative", "382": "ground", "383": "building", "384": "advertising", "385": "hangs", "386": "ready", "387": "break", "388": "stand", "389": "beneath", "390": "floor", "391": "other", "392": "knife", "393": "cutting", "394": "looks", "395": "like", "396": "moves", "397": "drive", "398": "lake", "399": "delivery", "400": "truck", "401": "advertisement", "402": "shades", "403": "gray", "404": "younger", "405": "against", "406": "scenic", "407": "counters", "408": "bright", "409": "drying", "410": "opened", "411": "chocolate", "412": "bananas", "413": "side", "414": "toddler", "415": "jumbo", "416": "lemons", "417": "rice", "418": "puts", "419": "van", "420": "features", "421": "television", "422": "show", "423": "rug", "424": "toward", "425": "women", "426": "father", "427": "around", "428": "factory", "429": "view", "430": "motorcyclist", "431": "point", "432": "few", "433": "rides", "434": "houses", "435": "poster", "436": "bath", "437": "stool", "438": "dirt", "439": "rider", "440": "doing", "441": "stunt", "442": "jump", "443": "light", "444": "clean", "445": "european", "446": "cleaning", "447": "tub", "448": "plastic", "449": "flock", "450": "fly", "451": "ride", "452": "park", "453": "sheep", "454": "pen", "455": "alley", "456": "costume", "457": "airline", "458": "asparagus", "459": "town", "460": "living", "461": "trash", "462": "can", "463": "computer", "464": "corner", "465": "dirty", "466": "bicyclists", "467": "square", "468": "flooded", "469": "river", "470": "dishes", "471": "cooking", "472": "happy", "473": "have", "474": "variety", "475": "pots", "476": "basin", "477": "products", "478": "scattered", "479": "across", "480": "horses", "481": "contains", "482": "purple", "483": "object", "484": "antique", "485": "curb", "486": "figurine", "487": "which", "488": "guy", "489": "stopped", "490": "signs", "491": "animals", "492": "baskets", "493": "set", "494": "work", "495": "traditional", "496": "tiles", "497": "each", "498": "military", "499": "single", "500": "preparing", "501": "painting", "502": "rear", "503": "end", "504": "entering", "505": "thru", "506": "curled", "507": "posted", "508": "way", "509": "garage", "510": "filling", "511": "leather", "512": "laying", "513": "shelves", "514": "tiled", "515": "clutter", "516": "display", "517": "neighborhood", "518": "going", "519": "woods", "520": "dress", "521": "leaving", "522": "background", "523": "assorted", "524": "fish", "525": "vehicles", "526": "all", "527": "bicycles", "528": "flat", "529": "bed", "530": "train", "531": "bar", "532": "having", "533": "conversation", "534": "lined", "535": "sailing", "536": "kites", "537": "climbing", "538": "airborne", "539": "lit", "540": "place", "541": "tv", "542": "children", "543": "play", "544": "any", "545": "adorable", "546": "fruit", "547": "jar", "548": "liquid", "549": "cluttered", "550": "multiple", "551": "care", "552": "smiling", "553": "pink", "554": "smiles", "555": "he", "556": "stack", "557": "use", "558": "letters", "559": "screens", "560": "showing", "561": "scene", "562": "motorcyclists", "563": "asian", "564": "female", "565": "elephants", "566": "shows", "567": "males", "568": "headed", "569": "directions", "570": "apartment", "571": "appliances", "572": "baggage", "573": "claim", "574": "very", "575": "sharp", "576": "turn", "577": "sun", "578": "setting", "579": "rainy", "580": "weather", "581": "library", "582": "papers", "583": "under", "584": "cabinet", "585": "chained", "586": "rail", "587": "notebook", "588": "many", "589": "colorful", "590": "objects", "591": "being", "592": "featuring", "593": "shop", "594": "terminal", "595": "big", "596": "screen", "597": "displaying", "598": "working", "599": "commercial", "600": "bakery", "601": "delicious", "602": "turned", "603": "multi", "604": "story", "605": "garlic", "606": "village", "607": "surrounded", "608": "model", "609": "appears", "610": "mans", "611": "visible", "612": "fixtures", "613": "granite", "614": "yellow", "615": "floating", "616": "tricks", "617": "smoke", "618": "urban", "619": "bikers", "620": "slope", "621": "selfie", "622": "does", "623": "trick", "624": "stairs", "625": "pointing", "626": "pizza", "627": "donuts", "628": "hands", "629": "doorway", "630": "shot", "631": "microwave", "632": "dishwasher", "633": "six", "634": "ski", "635": "self", "636": "hotel", "637": "double", "638": "underneath", "639": "taxi", "640": "deep", "641": "unfinished", "642": "broken", "643": "bookshelf", "644": "different", "645": "hats", "646": "mid", "647": "tabby", "648": "landscape", "649": "below", "650": "towel", "651": "racks", "652": "skies", "653": "jumping", "654": "raw", "655": "cookies", "656": "baked", "657": "meeting", "658": "before", "659": "cooler", "660": "stacked", "661": "item", "662": "complete", "663": "toilets", "664": "cats", "665": "others", "666": "vegetable", "667": "entrance", "668": "forward", "669": "fancy", "670": "bottom", "671": "platform", "672": "odd", "673": "aerial", "674": "coming", "675": "image", "676": "leans", "677": "waters", "678": "benches", "679": "grassy", "680": "hill", "681": "lady", "682": "moving", "683": "cows", "684": "sculpture", "685": "hot", "686": "walk", "687": "closet", "688": "apple", "689": "iphone", "690": "combination", "691": "craft", "692": "supplies", "693": "containers", "694": "monument", "695": "grazing", "696": "pasture", "697": "race", "698": "logo", "699": "hood", "700": "him", "701": "plays", "702": "tractor", "703": "following", "704": "attempts", "705": "persons", "706": "performs", "707": "helping", "708": "teddy", "709": "bear", "710": "graze", "711": "valley", "712": "cycle", "713": "doughnuts", "714": "brick", "715": "adorned", "716": "taken", "717": "flight", "718": "talking", "719": "about", "720": "beige", "721": "lamps", "722": "stone", "723": "block", "724": "cell", "725": "phone", "726": "posing", "727": "motorbike", "728": "stripped", "729": "helmet", "730": "type", "731": "not", "732": "event", "733": "catch", "734": "frisbee", "735": "trees", "736": "biplane", "737": "performing", "738": "strip", "739": "buggy", "740": "cobblestone", "741": "left", "742": "falling", "743": "asleep", "744": "adults", "745": "wearing", "746": "herself", "747": "racing", "748": "track", "749": "remote", "750": "control", "751": "buttons", "752": "someone", "753": "tree", "754": "skateboarder", "755": "concrete", "756": "steps", "757": "homemade", "758": "overhead", "759": "spread", "760": "adult", "761": "shorts", "762": "calf", "763": "they", "764": "pavement", "765": "cook", "766": "shrubs", "767": "throw", "768": "size", "769": "toy", "770": "industrial", "771": "team", "772": "chefs", "773": "together", "774": "prepare", "775": "meal", "776": "surface", "777": "planes", "778": "drivers", "779": "mountain", "780": "take", "781": "mud", "782": "oven", "783": "orange", "784": "points", "785": "loading", "786": "onto", "787": "rack", "788": "directing", "789": "series", "790": "mac", "791": "tablet", "792": "married", "793": "individuals", "794": "pastries", "795": "kind", "796": "do", "797": "leading", "798": "boarding", "799": "range", "800": "figurines", "801": "trail", "802": "snowy", "803": "digital", "804": "photos", "805": "closeup", "806": "herd", "807": "traveling", "808": "male", "809": "right", "810": "wing", "811": "flies", "812": "catching", "813": "illuminated", "814": "wooded", "815": "same", "816": "resort", "817": "trucks", "818": "sunset", "819": "camera", "820": "uses", "821": "candle", "822": "york", "823": "both", "824": "alongside", "825": "dark", "826": "deserted", "827": "circular", "828": "barn", "829": "opening", "830": "skateboarding", "831": "plaza", "832": "oranges", "833": "pillow", "834": "bottle", "835": "liquor", "836": "bow", "837": "tie", "838": "hat", "839": "grill", "840": "i", "841": "see", "842": "part", "843": "ledge", "844": "resting", "845": "sheet", "846": "stuffed", "847": "sunny", "848": "making", "849": "towards", "850": "sport", "851": "shines", "852": "simple", "853": "church", "854": "goggles", "855": "pulling", "856": "fruits", "857": "legs", "858": "kite", "859": "equipped", "860": "panel", "861": "sunglasses", "862": "deck", "863": "vehicle", "864": "passengers", "865": "shopping", "866": "bag", "867": "shining", "868": "giraffes", "869": "wild", "870": "mounted", "871": "matching", "872": "after", "873": "farm", "874": "buses", "875": "between", "876": "doors", "877": "lime", "878": "enclosed", "879": "been", "880": "workers", "881": "customers", "882": "post", "883": "lighting", "884": "blanket", "885": "hiding", "886": "giant", "887": "chairs", "888": "himself", "889": "uniform", "890": "moped", "891": "lane", "892": "piece", "893": "rough", "894": "fabric", "895": "cart", "896": "rural", "897": "fall", "898": "plaid", "899": "shirt", "900": "jeans", "901": "girls", "902": "aircraft", "903": "couch", "904": "books", "905": "themselves", "906": "brushing", "907": "teeth", "908": "onlookers", "909": "classroom", "910": "materials", "911": "toys", "912": "displayed", "913": "yard", "914": "docked", "915": "body", "916": "police", "917": "officer", "918": "entertainment", "919": "seating", "920": "includes", "921": "tent", "922": "lodge", "923": "keyboard", "924": "were", "925": "hung", "926": "boarder", "927": "hang", "928": "pillows", "929": "fresh", "930": "glass", "931": "decor", "932": "accents", "933": "airplanes", "934": "towels", "935": "design", "936": "but", "937": "pattern", "938": "round", "939": "furniture", "940": "bucket", "941": "enjoying", "942": "protective", "943": "covering", "944": "gold", "945": "spectators", "946": "closely", "947": "ladder", "948": "style", "949": "text", "950": "cement", "951": "candles", "952": "couches", "953": "bathtub", "954": "skiers", "955": "friend", "956": "nearby", "957": "friends", "958": "bush", "959": "bags", "960": "hand", "961": "meter", "962": "says", "963": "grown", "964": "fake", "965": "appliance", "966": "sofa", "967": "roadway", "968": "vintage", "969": "tank", "970": "thing", "971": "ornate", "972": "cathedral", "973": "wax", "974": "level", "975": "prop", "976": "studio", "977": "exhibit", "978": "poking", "979": "ladies", "980": "holds", "981": "arranged", "982": "so", "983": "watch", "984": "watches", "985": "something", "986": "edge", "987": "elephant", "988": "crossing", "989": "jeep", "990": "watching", "991": "winter", "992": "depicting", "993": "cop", "994": "writing", "995": "kissing", "996": "who", "997": "jets", "998": "museum", "999": "funny", "1000": "saying", "1001": "tall", "1002": "stained", "1003": "trim", "1004": "mixing", "1005": "pans", "1006": "seats", "1007": "ring", "1008": "tower", "1009": "elaborate", "1010": "mountains", "1011": "terrain", "1012": "seen", "1013": "chair", "1014": "pulled", "1015": "policeman", "1016": "watched", "1017": "floors", "1018": "shiny", "1019": "lone", "1020": "step", "1021": "animal", "1022": "seated", "1023": "checkered", "1024": "flooring", "1025": "suitcase", "1026": "lamp", "1027": "toothbrushes", "1028": "these", "1029": "base", "1030": "lid", "1031": "lots", "1032": "dressed", "1033": "shore", "1034": "american", "1035": "eagle", "1036": "members", "1037": "parade", "1038": "walkway", "1039": "bushes", "1040": "dusk", "1041": "briefcase", "1042": "attached", "1043": "airliner", "1044": "waits", "1045": "pictures", "1046": "now", "1047": "maroon", "1048": "dispenser", "1049": "decorations", "1050": "suv", "1051": "cupboards", "1052": "rock", "1053": "gear", "1054": "look", "1055": "peeking", "1056": "sleeping", "1057": "lines", "1058": "leash", "1059": "washing", "1060": "bay", "1061": "lying", "1062": "located", "1063": "blurry", "1064": "interior", "1065": "nap", "1066": "within", "1067": "washington", "1068": "d", "1069": "upright", "1070": "scale", "1071": "pieces", "1072": "art", "1073": "fluffy", "1074": "plan", "1075": "distant", "1076": "brightly", "1077": "viewing", "1078": "nicely", "1079": "thin", "1080": "putting", "1081": "glasses", "1082": "tooth", "1083": "brushes", "1084": "rustic", "1085": "unique", "1086": "frame", "1087": "ferry", "1088": "foliage", "1089": "angle", "1090": "zebras", "1091": "run", "1092": "was", "1093": "fun", "1094": "machine", "1095": "tan", "1096": "lighted", "1097": "daytime", "1098": "picnic", "1099": "tables", "1100": "cone", "1101": "reflection", "1102": "sniffing", "1103": "upside", "1104": "pair", "1105": "celebration", "1106": "navy", "1107": "curtains", "1108": "headphones", "1109": "using", "1110": "read", "1111": "grey", "1112": "checking", "1113": "bamboo", "1114": "giving", "1115": "golden", "1116": "savannah", "1117": "decoration", "1118": "also", "1119": "striped", "1120": "suit", "1121": "knives", "1122": "elderly", "1123": "scissors", "1124": "safety", "1125": "family", "1126": "fixing", "1127": "blender", "1128": "bowls", "1129": "desktop", "1130": "low", "1131": "guys", "1132": "sticking", "1133": "wait", "1134": "world", "1135": "jacket", "1136": "path", "1137": "ceramic", "1138": "limb", "1139": "portrait", "1140": "vases", "1141": "cargo", "1142": "dinner", "1143": "neck", "1144": "birthday", "1145": "shaped", "1146": "pole", "1147": "pretty", "1148": "urinal", "1149": "collection", "1150": "parts", "1151": "officers", "1152": "siting", "1153": "branch", "1154": "motion", "1155": "bikini", "1156": "split", "1157": "engine", "1158": "tied", "1159": "dimly", "1160": "collar", "1161": "perches", "1162": "sill", "1163": "she", "1164": "poses", "1165": "touches", "1166": "plates", "1167": "focus", "1168": "rowing", "1169": "pocket", "1170": "placed", "1171": "transport", "1172": "blonde", "1173": "things", "1174": "opposite", "1175": "porch", "1176": "barbed", "1177": "wire", "1178": "unusual", "1179": "newspaper", "1180": "lining", "1181": "cubicle", "1182": "desks", "1183": "sports", "1184": "flags", "1185": "jars", "1186": "feet", "1187": "porcelain", "1188": "shots", "1189": "listening", "1190": "vase", "1191": "roads", "1192": "hardwood", "1193": "outdoors", "1194": "emergency", "1195": "telephone", "1196": "images", "1197": "rusted", "1198": "hole", "1199": "salad", "1200": "faucet", "1201": "professional", "1202": "metallic", "1203": "cups", "1204": "coffee", "1205": "monitors", "1206": "mouse", "1207": "comes", "1208": "commuter", "1209": "more", "1210": "port", "1211": "operating", "1212": "passing", "1213": "towers", "1214": "shadow", "1215": "hiking", "1216": "styled", "1217": "takeoff", "1218": "horseback", "1219": "soldier", "1220": "bicyclist", "1221": "highway", "1222": "shallow", "1223": "laptops", "1224": "graffiti", "1225": "wit", "1226": "ha", "1227": "huddled", "1228": "bridge", "1229": "tracks", "1230": "whole", "1231": "foods", "1232": "utensils", "1233": "bedroom", "1234": "pillar", "1235": "outdoor", "1236": "shoreline", "1237": "rest", "1238": "residential", "1239": "patio", "1240": "calico", "1241": "running", "1242": "keyboards", "1243": "compartment", "1244": "collage", "1245": "oval", "1246": "island", "1247": "chest", "1248": "drawers", "1249": "pose", "1250": "paintings", "1251": "upon", "1252": "numerous", "1253": "held", "1254": "magnets", "1255": "donut", "1256": "airfield", "1257": "flip", "1258": "neon", "1259": "gentleman", "1260": "canoe", "1261": "cards", "1262": "ahead", "1263": "surprised", "1264": "foot", "1265": "five", "1266": "rainbow", "1267": "accessories", "1268": "shirts", "1269": "lawn", "1270": "hydrant", "1271": "coat", "1272": "roll", "1273": "maker", "1274": "hipster", "1275": "clothes", "1276": "straight", "1277": "apart", "1278": "sets", "1279": "pipes", "1280": "sweater", "1281": "reading", "1282": "book", "1283": "pay", "1284": "doughnut", "1285": "pile", "1286": "shops", "1287": "tucked", "1288": "leads", "1289": "tube", "1290": "eyes", "1291": "made", "1292": "airlines", "1293": "castle", "1294": "displays", "1295": "time", "1296": "hospital", "1297": "peeled", "1298": "meadow", "1299": "railroad", "1300": "drinks", "1301": "rim", "1302": "handle", "1303": "opens", "1304": "wetsuit", "1305": "pier", "1306": "freeway", "1307": "nice", "1308": "massive", "1309": "ship", "1310": "wilderness", "1311": "shuttle", "1312": "cellphone", "1313": "spacious", "1314": "raised", "1315": "frosting", "1316": "process", "1317": "number", "1318": "sized", "1319": "pet", "1320": "costumes", "1321": "special", "1322": "electronic", "1323": "hitting", "1324": "mixture", "1325": "prepared", "1326": "somewhere", "1327": "surfer", "1328": "breakfast", "1329": "carpet", "1330": "stunts", "1331": "pottery", "1332": "christmas", "1333": "needs", "1334": "statues", "1335": "icing", "1336": "dinning", "1337": "separate", "1338": "mess", "1339": "what", "1340": "hair", "1341": "japanese", "1342": "staring", "1343": "leaf", "1344": "mashed", "1345": "trying", "1346": "shake", "1347": "tongue", "1348": "stuck", "1349": "directly", "1350": "hanger", "1351": "plants", "1352": "meters", "1353": "used", "1354": "flower", "1355": "propped", "1356": "frying", "1357": "planter", "1358": "greenery", "1359": "mat", "1360": "paint", "1361": "approaching", "1362": "artistic", "1363": "center", "1364": "tourists", "1365": "tow", "1366": "cup", "1367": "sliced", "1368": "loaf", "1369": "boardwalk", "1370": "shade", "1371": "zebra", "1372": "smile", "1373": "warehouse", "1374": "drives", "1375": "spots", "1376": "mobile", "1377": "colors", "1378": "boarders", "1379": "individual", "1380": "bending", "1381": "storage", "1382": "stationary", "1383": "gate", "1384": "land", "1385": "winding", "1386": "tour", "1387": "called", "1388": "eat", "1389": "avenue", "1390": "china", "1391": "roast", "1392": "quiet", "1393": "construction", "1394": "crane", "1395": "slices", "1396": "hard", "1397": "case", "1398": "itself", "1399": "french", "1400": "bread", "1401": "zoo", "1402": "streetlight", "1403": "beds", "1404": "locked", "1405": "scooters", "1406": "tea", "1407": "wide", "1408": "artwork", "1409": "wears", "1410": "decker", "1411": "spoons", "1412": "ceiling", "1413": "rests", "1414": "hits", "1415": "among", "1416": "kid", "1417": "landed", "1418": "organized", "1419": "jelly", "1420": "utility", "1421": "sort", "1422": "designed", "1423": "railing", "1424": "tram", "1425": "stair", "1426": "cases", "1427": "perch", "1428": "interacting", "1429": "soap", "1430": "pants", "1431": "stomach", "1432": "commode", "1433": "paddling", "1434": "paddle", "1435": "pack", "1436": "newly", "1437": "closed", "1438": "crosswalk", "1439": "hallway", "1440": "magazine", "1441": "tools", "1442": "spot", "1443": "where", "1444": "transportation", "1445": "fat", "1446": "facing", "1447": "outfit", "1448": "vest", "1449": "compact", "1450": "decked", "1451": "desert", "1452": "school", "1453": "towed", "1454": "sides", "1455": "rocks", "1456": "designs", "1457": "veggies", "1458": "butter", "1459": "hangar", "1460": "lie", "1461": "log", "1462": "toaster", "1463": "tail", "1464": "gets", "1465": "sunlight", "1466": "checks", "1467": "fry", "1468": "kettle", "1469": "tidy", "1470": "prepares", "1471": "barrier", "1472": "cheese", "1473": "herding", "1474": "diamond", "1475": "patterned", "1476": "speaker", "1477": "basketball", "1478": "games", "1479": "passes", "1480": "plenty", "1481": "make", "1482": "sandwiches", "1483": "flowered", "1484": "tablecloth", "1485": "possibly", "1486": "private", "1487": "tending", "1488": "lies", "1489": "snacks", "1490": "game", "1491": "progress", "1492": "trolley", "1493": "sand", "1494": "someones", "1495": "fishing", "1496": "dim", "1497": "gather", "1498": "bookcase", "1499": "students", "1500": "smoking", "1501": "finished", "1502": "skillet", "1503": "repair", "1504": "strange", "1505": "suitcases", "1506": "cut", "1507": "played", "1508": "gathered", "1509": "diner", "1510": "turning", "1511": "snack", "1512": "laughing", "1513": "consisting", "1514": "strawberry", "1515": "identical", "1516": "chopped", "1517": "indicating", "1518": "roof", "1519": "photographer", "1520": "local", "1521": "ingredients", "1522": "sale", "1523": "german", "1524": "bin", "1525": "statue", "1526": "serve", "1527": "fuzzy", "1528": "backpack", "1529": "bird", "1530": "pass", "1531": "talk", "1532": "flown", "1533": "reflecting", "1534": "pigeons", "1535": "rams", "1536": "juice", "1537": "turkey", "1538": "surrounding", "1539": "floats", "1540": "material", "1541": "cloth", "1542": "paved", "1543": "course", "1544": "baseball", "1545": "nearly", "1546": "still", "1547": "strapped", "1548": "eggs", "1549": "wings", "1550": "bears", "1551": "loaded", "1552": "foreground", "1553": "pastry", "1554": "without", "1555": "bent", "1556": "video", "1557": "feed", "1558": "tape", "1559": "apron", "1560": "teaching", "1561": "class", "1562": "how", "1563": "enclosure", "1564": "gloves", "1565": "silly", "1566": "far", "1567": "framed", "1568": "stalls", "1569": "curve", "1570": "wet", "1571": "kneeling", "1572": "dry", "1573": "section", "1574": "foreign", "1575": "partially", "1576": "carved", "1577": "banana", "1578": "peanut", "1579": "types", "1580": "could", "1581": "luggage", "1582": "wind", "1583": "steeple", "1584": "folded", "1585": "scarf", "1586": "cooks", "1587": "sugar", "1588": "garbage", "1589": "fully", "1590": "furnished", "1591": "boxes", "1592": "lays", "1593": "clouds", "1594": "indoors", "1595": "windshield", "1596": "cereal", "1597": "milk", "1598": "cooked", "1599": "rolling", "1600": "raft", "1601": "bend", "1602": "posed", "1603": "mean", "1604": "rolled", "1605": "trailer", "1606": "cream", "1607": "plant", "1608": "throwing", "1609": "good", "1610": "seagull", "1611": "sideways", "1612": "signage", "1613": "nose", "1614": "device", "1615": "fenced", "1616": "including", "1617": "lead", "1618": "chips", "1619": "medical", "1620": "wildlife", "1621": "vegetation", "1622": "fair", "1623": "bars", "1624": "language", "1625": "than", "1626": "english", "1627": "garden", "1628": "cabin", "1629": "faces", "1630": "saddle", "1631": "share", "1632": "socks", "1633": "us", "1634": "toothbrush", "1635": "holder", "1636": "toothpaste", "1637": "carry", "1638": "pictured", "1639": "engines", "1640": "fork", "1641": "cattle", "1642": "market", "1643": "nothing", "1644": "covers", "1645": "beyond", "1646": "jetliner", "1647": "bouquet", "1648": "plains", "1649": "lounging", "1650": "soda", "1651": "sandy", "1652": "paws", "1653": "notes", "1654": "transit", "1655": "cage", "1656": "floral", "1657": "arrangement", "1658": "conference", "1659": "delta", "1660": "button", "1661": "sliding", "1662": "spotted", "1663": "leg", "1664": "british", "1665": "robe", "1666": "potted", "1667": "colorfully", "1668": "stoplight", "1669": "short", "1670": "hit", "1671": "th", "1672": "sofas", "1673": "amount", "1674": "lay", "1675": "appear", "1676": "mostly", "1677": "barren", "1678": "travels", "1679": "clown", "1680": "medium", "1681": "boys", "1682": "capped", "1683": "goes", "1684": "surfing", "1685": "cycles", "1686": "note", "1687": "reads", "1688": "don", "1689": "t", "1690": "even", "1691": "fighting", "1692": "lush", "1693": "you", "1694": "travel", "1695": "cloud", "1696": "roller", "1697": "platter", "1698": "backwards", "1699": "shoes", "1700": "dresser", "1701": "engaged", "1702": "mini", "1703": "elegant", "1704": "rocky", "1705": "chandelier", "1706": "bathing", "1707": "tennis", "1708": "hold", "1709": "direction", "1710": "army", "1711": "bricks", "1712": "smaller", "1713": "leaned", "1714": "go", "1715": "letting", "1716": "kicking", "1717": "palm", "1718": "route", "1719": "marked", "1720": "balcony", "1721": "company", "1722": "watering", "1723": "words", "1724": "travelers", "1725": "noodles", "1726": "onions", "1727": "pool", "1728": "ball", "1729": "fan", "1730": "pasta", "1731": "unit", "1732": "busses", "1733": "thick", "1734": "mustache", "1735": "sneakers", "1736": "grapes", "1737": "apples", "1738": "reflected", "1739": "leaves", "1740": "olives", "1741": "raising", "1742": "relaxing", "1743": "football", "1744": "junk", "1745": "suspended", "1746": "beard", "1747": "placing", "1748": "pony", "1749": "biker", "1750": "chasing", "1751": "runs", "1752": "talks", "1753": "signal", "1754": "skinny", "1755": "washer", "1756": "dryer", "1757": "den", "1758": "blinds", "1759": "jungle", "1760": "theme", "1761": "soccer", "1762": "gravel", "1763": "works", "1764": "major", "1765": "load", "1766": "ave", "1767": "corn", "1768": "lambs", "1769": "goats", "1770": "hay", "1771": "pick", "1772": "backdrop", "1773": "aged", "1774": "move", "1775": "larger", "1776": "blurred", "1777": "typing", "1778": "main", "1779": "separated", "1780": "pickup", "1781": "jumps", "1782": "string", "1783": "windowsill", "1784": "broccoli", "1785": "overpass", "1786": "pitchers", "1787": "approaches", "1788": "bunches", "1789": "ripe", "1790": "parrot", "1791": "gathering", "1792": "carts", "1793": "portable", "1794": "touch", "1795": "player", "1796": "opponent", "1797": "wash", "1798": "furry", "1799": "haired", "1800": "caught", "1801": "stepping", "1802": "wine", "1803": "holes", "1804": "viewed", "1805": "jersey", "1806": "pouring", "1807": "blond", "1808": "tissue", "1809": "grouped", "1810": "stickers", "1811": "serving", "1812": "slab", "1813": "bottles", "1814": "clothing", "1815": "system", "1816": "tropical", "1817": "tomato", "1818": "casserole", "1819": "coke", "1820": "slightly", "1821": "habitat", "1822": "spaghetti", "1823": "sausage", "1824": "speaking", "1825": "microphone", "1826": "stage", "1827": "cyclist", "1828": "stacks", "1829": "neatly", "1830": "metro", "1831": "hotdogs", "1832": "mustard", "1833": "soft", "1834": "waterfall", "1835": "racket", "1836": "led", "1837": "enjoy", "1838": "swinging", "1839": "adjacent", "1840": "parasol", "1841": "stopping", "1842": "grocery", "1843": "london", "1844": "festival", "1845": "dashboard", "1846": "pitcher", "1847": "sweatshirt", "1848": "had", "1849": "sweet", "1850": "blueberries", "1851": "hose", "1852": "arena", "1853": "site", "1854": "assortment", "1855": "soup", "1856": "arms", "1857": "piles", "1858": "spray", "1859": "swings", "1860": "tents", "1861": "sleeps", "1862": "form", "1863": "skiis", "1864": "poles", "1865": "muddy", "1866": "driven", "1867": "pigeon", "1868": "service", "1869": "smiley", "1870": "layered", "1871": "powered", "1872": "bank", "1873": "cluster", "1874": "piled", "1875": "refrigerators", "1876": "makes", "1877": "mixed", "1878": "sandwich", "1879": "tomatoes", "1880": "reaching", "1881": "situated", "1882": "tiered", "1883": "boots", "1884": "walled", "1885": "mug", "1886": "stream", "1887": "surfboards", "1888": "pedestrian", "1889": "v", "1890": "towing", "1891": "check", "1892": "backs", "1893": "put", "1894": "knitted", "1895": "midair", "1896": "flag", "1897": "napkin", "1898": "rubber", "1899": "pulls", "1900": "crosses", "1901": "pie", "1902": "lifting", "1903": "tasting", "1904": "podium", "1905": "united", "1906": "dump", "1907": "suburban", "1908": "bidet", "1909": "slice", "1910": "cheesecake", "1911": "handles", "1912": "eight", "1913": "trunk", "1914": "quickly", "1915": "crouches", "1916": "stocked", "1917": "toppings", "1918": "burger", "1919": "king", "1920": "skier", "1921": "midst", "1922": "straw", "1923": "surf", "1924": "boards", "1925": "umbrellas", "1926": "weeds", "1927": "growing", "1928": "berries", "1929": "topped", "1930": "chicken", "1931": "licking", "1932": "glazed", "1933": "structure", "1934": "cuts", "1935": "threw", "1936": "altered", "1937": "corral", "1938": "flipping", "1939": "snowboarding", "1940": "speakers", "1941": "pushed", "1942": "downtown", "1943": "word", "1944": "written", "1945": "sticks", "1946": "snowboarders", "1947": "love", "1948": "tiger", "1949": "snowboard", "1950": "billboard", "1951": "too", "1952": "here", "1953": "rusty", "1954": "blocks", "1955": "most", "1956": "cafe", "1957": "boats", "1958": "times", "1959": "snowboards", "1960": "positioned", "1961": "followed", "1962": "wheeled", "1963": "geese", "1964": "babies", "1965": "thrown", "1966": "stems", "1967": "console", "1968": "learning", "1969": "devices", "1970": "page", "1971": "signals", "1972": "oriental", "1973": "portion", "1974": "radio", "1975": "shrimp", "1976": "heading", "1977": "steam", "1978": "locomotive", "1979": "cans", "1980": "bunny", "1981": "price", "1982": "we", "1983": "cubs", "1984": "great", "1985": "contents", "1986": "wallpaper", "1987": "cones", "1988": "countryside", "1989": "movie", "1990": "peeling", "1991": "glowing", "1992": "circle", "1993": "completely", "1994": "puppy", "1995": "mouth", "1996": "cookie", "1997": "groups", "1998": "surfers", "1999": "cops", "2000": "calm", "2001": "mixer", "2002": "hills", "2003": "indian", "2004": "kick", "2005": "sleek", "2006": "extended", "2007": "help", "2008": "healthy", "2009": "seven", "2010": "carriage", "2011": "santa", "2012": "stripes", "2013": "cowboy", "2014": "almost", "2015": "knee", "2016": "connected", "2017": "belt", "2018": "pushing", "2019": "attire", "2020": "warning", "2021": "cheesy", "2022": "clocks", "2023": "finger", "2024": "audience", "2025": "slow", "2026": "slopes", "2027": "convention", "2028": "mattress", "2029": "will", "2030": "remotes", "2031": "necktie", "2032": "roman", "2033": "numerals", "2034": "laid", "2035": "farmer", "2036": "bull", "2037": "cherry", "2038": "arm", "2039": "eats", "2040": "feeding", "2041": "freezer", "2042": "cleaned", "2043": "character", "2044": "ice", "2045": "sprinkles", "2046": "wave", "2047": "angry", "2048": "action", "2049": "mantle", "2050": "blowing", "2051": "balances", "2052": "stools", "2053": "name", "2054": "war", "2055": "attempting", "2056": "stops", "2057": "batter", "2058": "storm", "2059": "bare", "2060": "fashion", "2061": "blow", "2062": "lift", "2063": "include", "2064": "first", "2065": "pathway", "2066": "helps", "2067": "evening", "2068": "hind", "2069": "carries", "2070": "shoulders", "2071": "unmade", "2072": "lettuce", "2073": "ear", "2074": "cliff", "2075": "suits", "2076": "sea", "2077": "tusks", "2078": "free", "2079": "mountainous", "2080": "tight", "2081": "doll", "2082": "sushi", "2083": "meat", "2084": "card", "2085": "stadium", "2086": "sparse", "2087": "aluminum", "2088": "mother", "2089": "peering", "2090": "intently", "2091": "places", "2092": "backyard", "2093": "staircase", "2094": "starting", "2095": "tying", "2096": "eye", "2097": "hooked", "2098": "speeding", "2099": "posters", "2100": "helicopter", "2101": "ribbon", "2102": "bullet", "2103": "motel", "2104": "suite", "2105": "melted", "2106": "snowboarder", "2107": "electric", "2108": "court", "2109": "phones", "2110": "stare", "2111": "gives", "2112": "guitar", "2113": "multicolored", "2114": "plated", "2115": "band", "2116": "controller", "2117": "business", "2118": "sewing", "2119": "second", "2120": "feeds", "2121": "rise", "2122": "controls", "2123": "puddle", "2124": "competition", "2125": "travelling", "2126": "tourist", "2127": "soaring", "2128": "tray", "2129": "roses", "2130": "worn", "2131": "location", "2132": "pine", "2133": "awaiting", "2134": "crate", "2135": "wires", "2136": "trains", "2137": "racquet", "2138": "sleep", "2139": "photographs", "2140": "turns", "2141": "smart", "2142": "pond", "2143": "net", "2144": "waving", "2145": "party", "2146": "such", "2147": "canopy", "2148": "treats", "2149": "pin", "2150": "ovens", "2151": "much", "2152": "areas", "2153": "own", "2154": "canal", "2155": "formal", "2156": "grandfather", "2157": "pull", "2158": "though", "2159": "order", "2160": "missing", "2161": "petting", "2162": "greens", "2163": "stores", "2164": "hugging", "2165": "muffin", "2166": "pipe", "2167": "guests", "2168": "bbq", "2169": "beverage", "2170": "egg", "2171": "club", "2172": "message", "2173": "cakes", "2174": "selling", "2175": "really", "2176": "playground", "2177": "handbag", "2178": "harbor", "2179": "drawn", "2180": "carriages", "2181": "cyclists", "2182": "iced", "2183": "wrapped", "2184": "attractive", "2185": "alcohol", "2186": "kinds", "2187": "goods", "2188": "tin", "2189": "cardboard", "2190": "nintendo", "2191": "wii", "2192": "electrical", "2193": "rails", "2194": "hillside", "2195": "shrubbery", "2196": "candy", "2197": "waves", "2198": "ketchup", "2199": "wrapper", "2200": "heels", "2201": "cords", "2202": "wear", "2203": "balloon", "2204": "soldiers", "2205": "uniforms", "2206": "cool", "2207": "heard", "2208": "key", "2209": "sad", "2210": "when", "2211": "glove", "2212": "owl", "2213": "vendor", "2214": "ties", "2215": "cap", "2216": "outstretched", "2217": "harness", "2218": "texting", "2219": "provide", "2220": "caption", "2221": "peppers", "2222": "cupcakes", "2223": "bigger", "2224": "skyline", "2225": "stretches", "2226": "semi", "2227": "branches", "2228": "saucer", "2229": "heavily", "2230": "sizes", "2231": "comfortable", "2232": "muffins", "2233": "pineapple", "2234": "holiday", "2235": "blocking", "2236": "steep", "2237": "shirtless", "2238": "necks", "2239": "ones", "2240": "fries", "2241": "served", "2242": "lemon", "2243": "instruments", "2244": "trays", "2245": "trip", "2246": "pears", "2247": "windsurfing", "2248": "sail", "2249": "electronics", "2250": "arrow", "2251": "outfits", "2252": "unloading", "2253": "desserts", "2254": "iron", "2255": "chickens", "2256": "hall", "2257": "position", "2258": "upward", "2259": "carrier", "2260": "potatoes", "2261": "grilled", "2262": "dressing", "2263": "steering", "2264": "skiier", "2265": "knees", "2266": "roadside", "2267": "match", "2268": "environment", "2269": "shoe", "2270": "infant", "2271": "kayak", "2272": "heavy", "2273": "interesting", "2274": "stripe", "2275": "inflatable", "2276": "polka", "2277": "dot", "2278": "monkey", "2279": "coast", "2280": "start", "2281": "ipod", "2282": "keys", "2283": "pens", "2284": "clearing", "2285": "gliding", "2286": "beef", "2287": "teenagers", "2288": "star", "2289": "skateboards", "2290": "ham", "2291": "dusty", "2292": "float", "2293": "peel", "2294": "blood", "2295": "serves", "2296": "training", "2297": "plugged", "2298": "crouching", "2299": "comfortably", "2300": "menu", "2301": "coach", "2302": "mask", "2303": "horned", "2304": "chinese", "2305": "waterway", "2306": "tuxedo", "2307": "rope", "2308": "leave", "2309": "frosted", "2310": "news", "2311": "elevated", "2312": "chewing", "2313": "biting", "2314": "piano", "2315": "pies", "2316": "teenager", "2317": "taped", "2318": "reaches", "2319": "cellphones", "2320": "drawer", "2321": "forks", "2322": "perform", "2323": "crib", "2324": "cruise", "2325": "human", "2326": "zone", "2327": "stares", "2328": "rectangular", "2329": "bedding", "2330": "pajamas", "2331": "ostrich", "2332": "hotdog", "2333": "miniature", "2334": "pickles", "2335": "condiments", "2336": "bun", "2337": "feeder", "2338": "stretched", "2339": "bell", "2340": "bunk", "2341": "carrots", "2342": "lower", "2343": "silverware", "2344": "stew", "2345": "bald", "2346": "sub", "2347": "cast", "2348": "measuring", "2349": "pairs", "2350": "swans", "2351": "sheets", "2352": "dozens", "2353": "twin", "2354": "stroller", "2355": "n", "2356": "shapes", "2357": "swan", "2358": "backpacks", "2359": "barefoot", "2360": "picking", "2361": "grabbing", "2362": "lounge", "2363": "booth", "2364": "array", "2365": "rackets", "2366": "players", "2367": "fried", "2368": "sauce", "2369": "racquets", "2370": "towering", "2371": "bite", "2372": "feathers", "2373": "file", "2374": "nuts", "2375": "pointed", "2376": "ten", "2377": "mugs", "2378": "mall", "2379": "topping", "2380": "produce", "2381": "swimming", "2382": "worker", "2383": "conveyor", "2384": "weird", "2385": "balloons", "2386": "power", "2387": "courtyard", "2388": "happily", "2389": "crossed", "2390": "jackets", "2391": "beverages", "2392": "champagne", "2393": "mural", "2394": "lamb", "2395": "ships", "2396": "thumbs", "2397": "sharing", "2398": "figures", "2399": "teenage", "2400": "crouched", "2401": "lunch", "2402": "bowling", "2403": "folding", "2404": "drawing", "2405": "depot", "2406": "besides", "2407": "rabbit", "2408": "bulls", "2409": "hoodie", "2410": "bat", "2411": "thats", "2412": "onion", "2413": "moored", "2414": "slowly", "2415": "cooling", "2416": "ducks", "2417": "hilly", "2418": "tee", "2419": "cushion", "2420": "handing", "2421": "afternoon", "2422": "beer", "2423": "sailboat", "2424": "tires", "2425": "am", "2426": "unable", "2427": "deer", "2428": "layer", "2429": "vandalized", "2430": "kneels", "2431": "indoor", "2432": "warm", "2433": "stretching", "2434": "reach", "2435": "curved", "2436": "tags", "2437": "blankets", "2438": "ram", "2439": "fallen", "2440": "fans", "2441": "steer", "2442": "cellular", "2443": "st", "2444": "alarm", "2445": "cigarette", "2446": "dough", "2447": "bends", "2448": "meals", "2449": "those", "2450": "gun", "2451": "disc", "2452": "toast", "2453": "pepper", "2454": "labeled", "2455": "lonely", "2456": "faced", "2457": "firetruck", "2458": "smartphone", "2459": "roaming", "2460": "grasses", "2461": "mound", "2462": "competing", "2463": "trunks", "2464": "cub", "2465": "uniformed", "2466": "cauliflower", "2467": "gravy", "2468": "farmers", "2469": "squash", "2470": "powder", "2471": "dancing", "2472": "music", "2473": "wrap", "2474": "figure", "2475": "youth", "2476": "arch", "2477": "bagel", "2478": "yogurt", "2479": "pets", "2480": "selection", "2481": "parachute", "2482": "tries", "2483": "coca", "2484": "cola", "2485": "numbers", "2486": "clay", "2487": "skating", "2488": "duck", "2489": "pit", "2490": "bacon", "2491": "falls", "2492": "tagged", "2493": "link", "2494": "lobby", "2495": "bearded", "2496": "tunnel", "2497": "disk", "2498": "forested", "2499": "shaded", "2500": "skateboarders", "2501": "posts", "2502": "syrup", "2503": "wedding", "2504": "fingers", "2505": "bride", "2506": "groom", "2507": "bit", "2508": "skates", "2509": "grab", "2510": "leafy", "2511": "shed", "2512": "pirate", "2513": "railway", "2514": "done", "2515": "relish", "2516": "sculptures", "2517": "carousel", "2518": "best", "2519": "ears", "2520": "baking", "2521": "skirt", "2522": "chopping", "2523": "nest", "2524": "tag", "2525": "tasty", "2526": "treat", "2527": "beans", "2528": "cabbage", "2529": "peas", "2530": "controllers", "2531": "hauling", "2532": "lego", "2533": "gaming", "2534": "lighthouse", "2535": "steak", "2536": "oil", "2537": "tossing", "2538": "state", "2539": "hut", "2540": "diving", "2541": "enter", "2542": "celebrating", "2543": "unripe", "2544": "ben", "2545": "creek", "2546": "squatting", "2547": "swim", "2548": "macaroni", "2549": "soaked", "2550": "boogie", "2551": "o", "2552": "leaping", "2553": "naked", "2554": "return", "2555": "throws", "2556": "mushrooms", "2557": "mushroom", "2558": "cartoon", "2559": "cab", "2560": "ridding", "2561": "buffet", "2562": "barrel", "2563": "horns", "2564": "strike", "2565": "quilt", "2566": "swing", "2567": "comforter", "2568": "chopsticks", "2569": "stir", "2570": "balls", "2571": "freight", "2572": "guard", "2573": "m", "2574": "silhouette", "2575": "meats", "2576": "uncooked", "2577": "strings", "2578": "coats", "2579": "teams", "2580": "crates", "2581": "golf", "2582": "freshly", "2583": "practicing", "2584": "grazes", "2585": "dried", "2586": "banner", "2587": "poised", "2588": "son", "2589": "circus", "2590": "balancing", "2591": "celery", "2592": "exit", "2593": "heart", "2594": "vast", "2595": "shaggy", "2596": "pads", "2597": "downhill", "2598": "paw", "2599": "potato", "2600": "shaking", "2601": "keep", "2602": "excited", "2603": "college", "2604": "logs", "2605": "surfs", "2606": "mitt", "2607": "dip", "2608": "rocking", "2609": "legged", "2610": "antelope", "2611": "wading", "2612": "plush", "2613": "caution", "2614": "grassland", "2615": "spraying", "2616": "pug", "2617": "beak", "2618": "seagulls", "2619": "names", "2620": "stating", "2621": "third", "2622": "frozen", "2623": "slide", "2624": "fed", "2625": "incoming", "2626": "rubbing", "2627": "wandering", "2628": "sailboats", "2629": "stable", "2630": "cages", "2631": "stump", "2632": "trough", "2633": "foil", "2634": "crest", "2635": "information", "2636": "smelling", "2637": "dolls", "2638": "come", "2639": "caged", "2640": "rose", "2641": "african", "2642": "hydrants", "2643": "dozen", "2644": "ramps", "2645": "carrot", "2646": "rings", "2647": "anchored", "2648": "package", "2649": "herbs", "2650": "mom", "2651": "females", "2652": "donkey", "2653": "hamburger", "2654": "bats", "2655": "pitching", "2656": "sails", "2657": "flatbed", "2658": "umpire", "2659": "catcher", "2660": "pitch", "2661": "cord", "2662": "gym", "2663": "catches", "2664": "canoes", "2665": "wake", "2666": "peace", "2667": "athlete", "2668": "catchers", "2669": "bites", "2670": "polar", "2671": "batting", "2672": "polo", "2673": "adjusting", "2674": "teen", "2675": "grizzly", "2676": "frisbees", "2677": "panda", "2678": "skater", "2679": "money", "2680": "para", "2681": "leaps", "2682": "nightstand", "2683": "dad", "2684": "pancakes", "2685": "bedspread", "2686": "daughter", "2687": "strawberries", "2688": "dresses", "2689": "rodeo", "2690": "cupcake", "2691": "grinding", "2692": "powdered", "2693": "dugout", "2694": "sprinkled", "2695": "obstacle", "2696": "pepperoni", "2697": "call", "2698": "frisbe", "2699": "dipping", "2700": "cutter", "2701": "goal", "2702": "doubles", "2703": "jockey", "2704": "slides", "2705": "breaking", "2706": "napkins", "2707": "entree", "2708": "spinach", "2709": "balance", "2710": "slicing", "2711": "pickle", "2712": "softball", "2713": "skatepark", "2714": "hitter", "2715": "pitched", "2716": "pork", "2717": "practice", "2718": "league", "2719": "swung", "2720": "runner", "2721": "spatula", "2722": "whipped", "2723": "pizzas", "2724": "parasailing", "2725": "toasted", "2726": "crust", "2727": "gourmet", "2728": "halves", "2729": "outfield", "2730": "stance", "2731": "veggie", "2732": "chili", "2733": "crackers", "2734": "waffles", "2735": "coleslaw", "2736": "headboard", "2737": "sausages", "2738": "volley", "2739": "basil", "2740": "returning", "2741": "buns", "2742": "ottoman", "2743": "interactive"}